cans	latn	scalar.value	kind	has.vowel	has.long.vowel	vowel	has.consonant	consonant	has.w	vim.digraph	code.point	unicode.name
ᐁ	ê	5121	vowel	TRUE	TRUE	ê	FALSE			e:	U+1401	CANADIAN SYLLABICS E
ᐃ	i	5123	vowel	TRUE	FALSE	i	FALSE			i.	U+1403	CANADIAN SYLLABICS I
ᐄ	î	5124	vowel	TRUE	TRUE	î	FALSE			i:	U+1404	CANADIAN SYLLABICS II
ᐅ	o	5125	vowel	TRUE	FALSE	o	FALSE			o.	U+1405	CANADIAN SYLLABICS O
ᐆ	ô	5126	vowel	TRUE	TRUE	ô	FALSE			o:	U+1406	CANADIAN SYLLABICS OO
ᐊ	a	5130	vowel	TRUE	FALSE	a	FALSE			a.	U+140A	CANADIAN SYLLABICS A
ᐋ	â	5131	vowel	TRUE	TRUE	â	FALSE			a:	U+140B	CANADIAN SYLLABICS AA
ᐍ	wê	5133	syllable	TRUE	TRUE	ê	TRUE	w	TRUE	we	U+140D	CANADIAN SYLLABICS WEST-CREE WE
ᐏ	wi	5135	syllable	TRUE	FALSE	i	TRUE	w	TRUE	wi	U+140F	CANADIAN SYLLABICS WEST-CREE WI
ᐑ	wî	5137	syllable	TRUE	TRUE	î	TRUE	w	TRUE	wI	U+1411	CANADIAN SYLLABICS WEST-CREE WII
ᐓ	wo	5139	syllable	TRUE	FALSE	o	TRUE	w	TRUE	wo	U+1413	CANADIAN SYLLABICS WEST-CREE WO
ᐕ	wô	5141	syllable	TRUE	TRUE	ô	TRUE	w	TRUE	wO	U+1415	CANADIAN SYLLABICS WEST-CREE WOO
ᐘ	wa	5144	syllable	TRUE	FALSE	a	TRUE	w	TRUE	wa	U+1418	CANADIAN SYLLABICS WEST-CREE WA
ᐚ	wâ	5146	syllable	TRUE	TRUE	â	TRUE	w	TRUE	wA	U+141A	CANADIAN SYLLABICS WEST-CREE WAA
ᐟ	t	5151	consonant	FALSE			TRUE	t		t.	U+141F	CANADIAN SYLLABICS FINAL ACUTE
ᐠ	k	5152	consonant	FALSE			TRUE	k		k.	U+1420	CANADIAN SYLLABICS FINAL GRAVE
ᐢ	s	5154	consonant	FALSE			TRUE	s		s.	U+1422	CANADIAN SYLLABICS FINAL TOP HALF RING
ᐣ	n	5155	consonant	FALSE			TRUE	n		n.	U+1423	CANADIAN SYLLABICS FINAL RIGHT HALF RING
ᐤ	w	5156	consonant	FALSE			TRUE	w		w.	U+1424	CANADIAN SYLLABICS FINAL RING
ᐦ	h	5158	consonant	FALSE			TRUE	h		h.	U+1426	CANADIAN SYLLABICS FINAL DOUBLE SHORT VERTICAL STROKES
ᐨ	c	5160	consonant	FALSE			TRUE	c		c.	U+1428	CANADIAN SYLLABICS FINAL SHORT HORIZONTAL STROKE
ᐯ	pê	5167	syllable	TRUE	TRUE	ê	TRUE	p	FALSE	pe	U+142F	CANADIAN SYLLABICS PE
ᐱ	pi	5169	syllable	TRUE	FALSE	i	TRUE	p	FALSE	pi	U+1431	CANADIAN SYLLABICS PI
ᐲ	pî	5170	syllable	TRUE	TRUE	î	TRUE	p	FALSE	pI	U+1432	CANADIAN SYLLABICS PII
ᐳ	po	5171	syllable	TRUE	FALSE	o	TRUE	p	FALSE	po	U+1433	CANADIAN SYLLABICS PO
ᐴ	pô	5172	syllable	TRUE	TRUE	ô	TRUE	p	FALSE	pO	U+1434	CANADIAN SYLLABICS POO
ᐸ	pa	5176	syllable	TRUE	FALSE	a	TRUE	p	FALSE	pa	U+1438	CANADIAN SYLLABICS PA
ᐹ	pâ	5177	syllable	TRUE	TRUE	â	TRUE	p	FALSE	pA	U+1439	CANADIAN SYLLABICS PAA
ᐻ	pwê	5179	syllable	TRUE	TRUE	ê	TRUE	p	TRUE	Pe	U+143B	CANADIAN SYLLABICS WEST-CREE PWE
ᐽ	pwi	5181	syllable	TRUE	FALSE	i	TRUE	p	TRUE	Pi	U+143D	CANADIAN SYLLABICS WEST-CREE PWI
ᐿ	pwî	5183	syllable	TRUE	TRUE	î	TRUE	p	TRUE	PI	U+143F	CANADIAN SYLLABICS WEST-CREE PWII
ᑁ	pwo	5185	syllable	TRUE	FALSE	o	TRUE	p	TRUE	Po	U+1441	CANADIAN SYLLABICS WEST-CREE PWO
ᑃ	pwô	5187	syllable	TRUE	TRUE	ô	TRUE	p	TRUE	PO	U+1443	CANADIAN SYLLABICS WEST-CREE PWOO
ᑅ	pwa	5189	syllable	TRUE	FALSE	a	TRUE	p	TRUE	Pa	U+1445	CANADIAN SYLLABICS WEST-CREE PWA
ᑇ	pwâ	5191	syllable	TRUE	TRUE	â	TRUE	p	TRUE	PA	U+1447	CANADIAN SYLLABICS WEST-CREE PWAA
ᑊ	p	5194	consonant	FALSE			TRUE	p		p.	U+144A	CANADIAN SYLLABICS WEST-CREE P
ᑌ	tê	5196	syllable	TRUE	TRUE	ê	TRUE	t	FALSE	te	U+144C	CANADIAN SYLLABICS TE
ᑎ	ti	5198	syllable	TRUE	FALSE	i	TRUE	t	FALSE	ti	U+144E	CANADIAN SYLLABICS TI
ᑏ	tî	5199	syllable	TRUE	TRUE	î	TRUE	t	FALSE	tI	U+144F	CANADIAN SYLLABICS TII
ᑐ	to	5200	syllable	TRUE	FALSE	o	TRUE	t	FALSE	to	U+1450	CANADIAN SYLLABICS TO
ᑑ	tô	5201	syllable	TRUE	TRUE	ô	TRUE	t	FALSE	tO	U+1451	CANADIAN SYLLABICS TOO
ᑕ	ta	5205	syllable	TRUE	FALSE	a	TRUE	t	FALSE	ta	U+1455	CANADIAN SYLLABICS TA
ᑖ	tâ	5206	syllable	TRUE	TRUE	â	TRUE	t	FALSE	tA	U+1456	CANADIAN SYLLABICS TAA
ᑘ	twê	5208	syllable	TRUE	TRUE	ê	TRUE	t	TRUE	Te	U+1458	CANADIAN SYLLABICS WEST-CREE TWE
ᑚ	twi	5210	syllable	TRUE	FALSE	i	TRUE	t	TRUE	Ti	U+145A	CANADIAN SYLLABICS WEST-CREE TWI
ᑜ	twî	5212	syllable	TRUE	TRUE	î	TRUE	t	TRUE	TI	U+145C	CANADIAN SYLLABICS WEST-CREE TWII
ᑞ	two	5214	syllable	TRUE	FALSE	o	TRUE	t	TRUE	To	U+145E	CANADIAN SYLLABICS WEST-CREE TWO
ᑠ	twô	5216	syllable	TRUE	TRUE	ô	TRUE	t	TRUE	TO	U+1460	CANADIAN SYLLABICS WEST-CREE TWOO
ᑢ	twa	5218	syllable	TRUE	FALSE	a	TRUE	t	TRUE	Ta	U+1462	CANADIAN SYLLABICS WEST-CREE TWA
ᑤ	twâ	5220	syllable	TRUE	TRUE	â	TRUE	t	TRUE	TA	U+1464	CANADIAN SYLLABICS WEST-CREE TWAA
ᑫ	kê	5227	syllable	TRUE	TRUE	ê	TRUE	k	FALSE	ke	U+146B	CANADIAN SYLLABICS KE
ᑭ	ki	5229	syllable	TRUE	FALSE	i	TRUE	k	FALSE	ki	U+146D	CANADIAN SYLLABICS KI
ᑮ	kî	5230	syllable	TRUE	TRUE	î	TRUE	k	FALSE	kI	U+146E	CANADIAN SYLLABICS KII
ᑯ	ko	5231	syllable	TRUE	FALSE	o	TRUE	k	FALSE	ko	U+146F	CANADIAN SYLLABICS KO
ᑰ	kô	5232	syllable	TRUE	TRUE	ô	TRUE	k	FALSE	kO	U+1470	CANADIAN SYLLABICS KOO
ᑲ	ka	5234	syllable	TRUE	FALSE	a	TRUE	k	FALSE	ka	U+1472	CANADIAN SYLLABICS KA
ᑳ	kâ	5235	syllable	TRUE	TRUE	â	TRUE	k	FALSE	kA	U+1473	CANADIAN SYLLABICS KAA
ᑵ	kwê	5237	syllable	TRUE	TRUE	ê	TRUE	k	TRUE	Ke	U+1475	CANADIAN SYLLABICS WEST-CREE KWE
ᑷ	kwi	5239	syllable	TRUE	FALSE	i	TRUE	k	TRUE	Ki	U+1477	CANADIAN SYLLABICS WEST-CREE KWI
ᑹ	kwî	5241	syllable	TRUE	TRUE	î	TRUE	k	TRUE	KI	U+1479	CANADIAN SYLLABICS WEST-CREE KWII
ᑻ	kwo	5243	syllable	TRUE	FALSE	o	TRUE	k	TRUE	Ko	U+147B	CANADIAN SYLLABICS WEST-CREE KWO
ᑽ	kwô	5245	syllable	TRUE	TRUE	ô	TRUE	k	TRUE	KO	U+147D	CANADIAN SYLLABICS WEST-CREE KWOO
ᑿ	kwa	5247	syllable	TRUE	FALSE	a	TRUE	k	TRUE	Ka	U+147F	CANADIAN SYLLABICS WEST-CREE KWA
ᒁ	kwâ	5249	syllable	TRUE	TRUE	â	TRUE	k	TRUE	KA	U+1481	CANADIAN SYLLABICS WEST-CREE KWAA
ᒉ	cê	5257	syllable	TRUE	TRUE	ê	TRUE	c	FALSE	ce	U+1489	CANADIAN SYLLABICS CE
ᒋ	ci	5259	syllable	TRUE	FALSE	i	TRUE	c	FALSE	ci	U+148B	CANADIAN SYLLABICS CI
ᒌ	cî	5260	syllable	TRUE	TRUE	î	TRUE	c	FALSE	cI	U+148C	CANADIAN SYLLABICS CII
ᒍ	co	5261	syllable	TRUE	FALSE	o	TRUE	c	FALSE	co	U+148D	CANADIAN SYLLABICS CO
ᒎ	cô	5262	syllable	TRUE	TRUE	ô	TRUE	c	FALSE	cO	U+148E	CANADIAN SYLLABICS COO
ᒐ	ca	5264	syllable	TRUE	FALSE	a	TRUE	c	FALSE	ca	U+1490	CANADIAN SYLLABICS CA
ᒑ	câ	5265	syllable	TRUE	TRUE	â	TRUE	c	FALSE	cA	U+1491	CANADIAN SYLLABICS CAA
ᒓ	cwê	5267	syllable	TRUE	TRUE	ê	TRUE	c	TRUE	Ce	U+1493	CANADIAN SYLLABICS WEST-CREE CWE
ᒕ	cwi	5269	syllable	TRUE	FALSE	i	TRUE	c	TRUE	Ci	U+1495	CANADIAN SYLLABICS WEST-CREE CWI
ᒗ	cwî	5271	syllable	TRUE	TRUE	î	TRUE	c	TRUE	CI	U+1497	CANADIAN SYLLABICS WEST-CREE CWII
ᒙ	cwo	5273	syllable	TRUE	FALSE	o	TRUE	c	TRUE	Co	U+1499	CANADIAN SYLLABICS WEST-CREE CWO
ᒛ	cwô	5275	syllable	TRUE	TRUE	ô	TRUE	c	TRUE	CO	U+149B	CANADIAN SYLLABICS WEST-CREE CWOO
ᒝ	cwa	5277	syllable	TRUE	FALSE	a	TRUE	c	TRUE	Ca	U+149D	CANADIAN SYLLABICS WEST-CREE CWA
ᒟ	cwâ	5279	syllable	TRUE	TRUE	â	TRUE	c	TRUE	CA	U+149F	CANADIAN SYLLABICS WEST-CREE CWAA
ᒣ	mê	5283	syllable	TRUE	TRUE	ê	TRUE	m	FALSE	me	U+14A3	CANADIAN SYLLABICS ME
ᒥ	mi	5285	syllable	TRUE	FALSE	i	TRUE	m	FALSE	mi	U+14A5	CANADIAN SYLLABICS MI
ᒦ	mî	5286	syllable	TRUE	TRUE	î	TRUE	m	FALSE	mI	U+14A6	CANADIAN SYLLABICS MII
ᒧ	mo	5287	syllable	TRUE	FALSE	o	TRUE	m	FALSE	mo	U+14A7	CANADIAN SYLLABICS MO
ᒨ	mô	5288	syllable	TRUE	TRUE	ô	TRUE	m	FALSE	mO	U+14A8	CANADIAN SYLLABICS MOO
ᒪ	ma	5290	syllable	TRUE	FALSE	a	TRUE	m	FALSE	ma	U+14AA	CANADIAN SYLLABICS MA
ᒫ	mâ	5291	syllable	TRUE	TRUE	â	TRUE	m	FALSE	mA	U+14AB	CANADIAN SYLLABICS MAA
ᒭ	mwê	5293	syllable	TRUE	TRUE	ê	TRUE	m	TRUE	Me	U+14AD	CANADIAN SYLLABICS WEST-CREE MWE
ᒯ	mwi	5295	syllable	TRUE	FALSE	i	TRUE	m	TRUE	Mi	U+14AF	CANADIAN SYLLABICS WEST-CREE MWI
ᒱ	mwî	5297	syllable	TRUE	TRUE	î	TRUE	m	TRUE	MI	U+14B1	CANADIAN SYLLABICS WEST-CREE MWII
ᒳ	mwo	5299	syllable	TRUE	FALSE	o	TRUE	m	TRUE	Mo	U+14B3	CANADIAN SYLLABICS WEST-CREE MWO
ᒵ	mwô	5301	syllable	TRUE	TRUE	ô	TRUE	m	TRUE	MO	U+14B5	CANADIAN SYLLABICS WEST-CREE MWOO
ᒷ	mwa	5303	syllable	TRUE	FALSE	a	TRUE	m	TRUE	Ma	U+14B7	CANADIAN SYLLABICS WEST-CREE MWA
ᒹ	mwâ	5305	syllable	TRUE	TRUE	â	TRUE	m	TRUE	MA	U+14B9	CANADIAN SYLLABICS WEST-CREE MWAA
ᒼ	m	5308	consonant	FALSE			TRUE	m		m.	U+14BC	CANADIAN SYLLABICS WEST-CREE M
ᓀ	nê	5312	syllable	TRUE	TRUE	ê	TRUE	n	FALSE	ne	U+14C0	CANADIAN SYLLABICS NE
ᓂ	ni	5314	syllable	TRUE	FALSE	i	TRUE	n	FALSE	ni	U+14C2	CANADIAN SYLLABICS NI
ᓃ	nî	5315	syllable	TRUE	TRUE	î	TRUE	n	FALSE	nI	U+14C3	CANADIAN SYLLABICS NII
ᓄ	no	5316	syllable	TRUE	FALSE	o	TRUE	n	FALSE	no	U+14C4	CANADIAN SYLLABICS NO
ᓅ	nô	5317	syllable	TRUE	TRUE	ô	TRUE	n	FALSE	nO	U+14C5	CANADIAN SYLLABICS NOO
ᓇ	na	5319	syllable	TRUE	FALSE	a	TRUE	n	FALSE	na	U+14C7	CANADIAN SYLLABICS NA
ᓈ	nâ	5320	syllable	TRUE	TRUE	â	TRUE	n	FALSE	nA	U+14C8	CANADIAN SYLLABICS NAA
ᓊ	nwê	5322	syllable	TRUE	TRUE	ê	TRUE	n	TRUE	Ne	U+14CA	CANADIAN SYLLABICS WEST-CREE NWE
ᓌ	nwa	5324	syllable	TRUE	FALSE	a	TRUE	n	TRUE	Na	U+14CC	CANADIAN SYLLABICS WEST-CREE NWA
ᓎ	nwâ	5326	syllable	TRUE	TRUE	â	TRUE	n	TRUE	NA	U+14CE	CANADIAN SYLLABICS WEST-CREE NWAA
ᓬ	l	5356	consonant	FALSE			TRUE	l		l.	U+14EC	CANADIAN SYLLABICS MEDIAL L
ᓭ	sê	5357	syllable	TRUE	TRUE	ê	TRUE	s	FALSE	se	U+14ED	CANADIAN SYLLABICS SE
ᓯ	si	5359	syllable	TRUE	FALSE	i	TRUE	s	FALSE	si	U+14EF	CANADIAN SYLLABICS SI
ᓰ	sî	5360	syllable	TRUE	TRUE	î	TRUE	s	FALSE	sI	U+14F0	CANADIAN SYLLABICS SII
ᓱ	so	5361	syllable	TRUE	FALSE	o	TRUE	s	FALSE	so	U+14F1	CANADIAN SYLLABICS SO
ᓲ	sô	5362	syllable	TRUE	TRUE	ô	TRUE	s	FALSE	sO	U+14F2	CANADIAN SYLLABICS SOO
ᓴ	sa	5364	syllable	TRUE	FALSE	a	TRUE	s	FALSE	sa	U+14F4	CANADIAN SYLLABICS SA
ᓵ	sâ	5365	syllable	TRUE	TRUE	â	TRUE	s	FALSE	sA	U+14F5	CANADIAN SYLLABICS SAA
ᓷ	swê	5367	syllable	TRUE	TRUE	ê	TRUE	s	TRUE	Se	U+14F7	CANADIAN SYLLABICS WEST-CREE SWE
ᓹ	swi	5369	syllable	TRUE	FALSE	i	TRUE	s	TRUE	Si	U+14F9	CANADIAN SYLLABICS WEST-CREE SWI
ᓻ	swî	5371	syllable	TRUE	TRUE	î	TRUE	s	TRUE	SI	U+14FB	CANADIAN SYLLABICS WEST-CREE SWII
ᓽ	swo	5373	syllable	TRUE	FALSE	o	TRUE	s	TRUE	So	U+14FD	CANADIAN SYLLABICS WEST-CREE SWO
ᓿ	swô	5375	syllable	TRUE	TRUE	ô	TRUE	s	TRUE	SO	U+14FF	CANADIAN SYLLABICS WEST-CREE SWOO
ᔁ	swa	5377	syllable	TRUE	FALSE	a	TRUE	s	TRUE	Sa	U+1501	CANADIAN SYLLABICS WEST-CREE SWA
ᔃ	swâ	5379	syllable	TRUE	TRUE	â	TRUE	s	TRUE	SA	U+1503	CANADIAN SYLLABICS WEST-CREE SWAA
ᔦ	yê	5414	syllable	TRUE	TRUE	ê	TRUE	y	FALSE	ye	U+1526	CANADIAN SYLLABICS YE
ᔨ	yi	5416	syllable	TRUE	FALSE	i	TRUE	y	FALSE	yi	U+1528	CANADIAN SYLLABICS YI
ᔩ	yî	5417	syllable	TRUE	TRUE	î	TRUE	y	FALSE	yI	U+1529	CANADIAN SYLLABICS YII
ᔪ	yo	5418	syllable	TRUE	FALSE	o	TRUE	y	FALSE	yo	U+152A	CANADIAN SYLLABICS YO
ᔫ	yô	5419	syllable	TRUE	TRUE	ô	TRUE	y	FALSE	yO	U+152B	CANADIAN SYLLABICS YOO
ᔭ	ya	5421	syllable	TRUE	FALSE	a	TRUE	y	FALSE	ya	U+152D	CANADIAN SYLLABICS YA
ᔮ	yâ	5422	syllable	TRUE	TRUE	â	TRUE	y	FALSE	yA	U+152E	CANADIAN SYLLABICS YAA
ᔰ	ywê	5424	syllable	TRUE	TRUE	ê	TRUE	y	TRUE	Ye	U+1530	CANADIAN SYLLABICS WEST-CREE YWE
ᔲ	ywi	5426	syllable	TRUE	FALSE	i	TRUE	y	TRUE	Yi	U+1532	CANADIAN SYLLABICS WEST-CREE YWI
ᔴ	ywî	5428	syllable	TRUE	TRUE	î	TRUE	y	TRUE	YI	U+1534	CANADIAN SYLLABICS WEST-CREE YWII
ᔶ	ywo	5430	syllable	TRUE	FALSE	o	TRUE	y	TRUE	Yo	U+1536	CANADIAN SYLLABICS WEST-CREE YWO
ᔸ	ywô	5432	syllable	TRUE	TRUE	ô	TRUE	y	TRUE	YO	U+1538	CANADIAN SYLLABICS WEST-CREE YWOO
ᔺ	ywa	5434	syllable	TRUE	FALSE	a	TRUE	y	TRUE	Ya	U+153A	CANADIAN SYLLABICS WEST-CREE YWA
ᔼ	ywâ	5436	syllable	TRUE	TRUE	â	TRUE	y	TRUE	YA	U+153C	CANADIAN SYLLABICS WEST-CREE YWAA
ᕀ	y	5440	consonant	FALSE			TRUE	y		y.	U+1540	CANADIAN SYLLABICS WEST-CREE Y
ᕒ	r	5458	consonant	FALSE			TRUE	r		r.	U+1552	CANADIAN SYLLABICS MEDIAL R
ᕽ	hk	5501	consonant	FALSE			TRUE			hk	U+157D	CANADIAN SYLLABICS HK
